Workbook
Name Slicer_Location: #N/A
Name Slicer_Month: #N/A
Name Slicer_Product_Category: #N/A

Sheet Sheet2
A3: Sum of Purchase Amount | B3: Column Labels
A4: Row Labels | B4: 01-2026 | C4: 02-2025 | D4: 02-2026 | E4: 03-2025 | F4: 04-2025 | G4: 05-2025 | H4: 06-2025 | I4: 07-2025 | J4: 08-2025 | K4: 09-2025 | L4: 10-2025 | M4: 11-2025 | N4: 12-2025 | O4: Grand Total
A5: Beauty | B5: 3431.68 | C5: 383.65 | D5: 1953.33 | E5: 1168.4 | F5: 1987.34 | G5: 3111.1 | H5: 2934.15 | I5: 2015.88 | J5: 3838.54 | K5: 2840.14 | L5: 2778.28 | M5: 4300.9 | N5: 3030.45 | O5: 33773.84
A6: Clothing | B6: 2447.73 | C6: 509.19 | D6: 2079.96 | E6: 4303.47 | F6: 2149.46 | G6: 2497.9 | H6: 3179.13 | I6: 2279.43 | J6: 5068.02 | K6: 2478.16 | L6: 5646.22 | M6: 1799.69 | N6: 3273.57 | O6: 37711.93
A7: Electronics | B7: 3748.18 | C7: 1327.08 | D7: 395.12 | E7: 3165.29 | F7: 3420.26 | G7: 2049.7 | H7: 3859.69 | I7: 3917.65 | J7: 4069.69 | K7: 3710.16 | L7: 4160.97 | M7: 3822.11 | N7: 2187.1 | O7: 39833
A8: Home | B8: 3924.44 | C8: 692.48 | D8: 1849.62 | E8: 2067.31 | F8: 2316.86 | G8: 3089.92 | H8: 3040.11 | I8: 302.52 | J8: 2535.48 | K8: 2580.1 | L8: 2452.24 | M8: 2681.55 | N8: 2618.46 | O8: 30151.09
A9: Sports | B9: 3625.47 | C9: 820.58 | D9: 2034.94 | E9: 2065.33 | F9: 2509.93 | G9: 3212.13 | H9: 2341.94 | I9: 1147.07 | J9: 4607.41 | K9: 2600.4 | L9: 3356.8 | M9: 3142.99 | N9: 3343.09 | O9: 34808.08
A10: Grand Total | B10: 17177.5 | C10: 3732.98 | D10: 8312.97 | E10: 12769.8 | F10: 12383.85 | G10: 13960.75 | H10: 15355.02 | I10: 9662.55 | J10: 20119.14 | K10: 14208.96 | L10: 18394.51 | M10: 15747.24 | N10: 14452.67 | O10: 176277.94

Sheet Sheet3
A3: Location | B3: Revenue
A4: Boston | B4: 22276.02
A5: Chicago | B5: 23195.26
A6: Houston | B6: 26357.77
A7: Los Angeles | B7: 27180.96
A8: Miami | B8: 25269.48
A9: New York | B9: 23768.22
A10: Seattle | B10: 28230.23
A11: Grand Total | B11: 176277.94

Sheet ecommerce_data
A1: Customer ID | B1: Purchase Date | C1: Month | D1: Product Category | E1: Product Name | F1: Purchase Amount | G1: Location | H1: Repeat Customers | I1: Orders Count | J1: Customer Type | K1: Number of Customers | L1: Average Order Value | M1: Repeat Customer %
A2: C167 | B2: 46068 | C2: =TEXT(B:B, "mm-yyyy") -> 02-2026 | D2: Beauty | E2: Perfume | F2: 130.84 | G2: Houston | H2: =IF(I2>1, 1, 0) -> 1 | I2: =COUNTIF($A:$A, A2) -> 3 | J2: =IF(COUNTIF($A$2:A2,A2)=1,"New","Repeat") -> New | K2: =IFERROR(__xludf.DUMMYFUNCTION("IF(I2=""4+"", COUNTUNIQUE(FILTER(A:A, I:I>=4)), COUNTUNIQUE(FILTER(A:A, I:I=I2)) )"),42) -> 42 | L2: =AVERAGE(F:F) -> 251.82563 | M2: =SUM(H:H)/COUNTA(A:A) -> 0.96433666
A3: C147 | B3: 45988 | C3: =TEXT(B:B, "mm-yyyy") -> 11-2025 | D3: Clothing | E3: Jeans | F3: 11.25 | G3: Houston | H3: =IF(I3>1, 1, 0) -> 1 | I3: =COUNTIF($A:$A, A3) -> 2 | J3: =IF(COUNTIF($A$2:A3,A3)=1,"New","Repeat") -> New | K3: =IFERROR(__xludf.DUMMYFUNCTION("IF(I3=""4+"", COUNTUNIQUE(FILTER(A:A, I:I>=4)), COUNTUNIQUE(FILTER(A:A, I:I=I3)) )"),37) -> 37
A4: C195 | B4: 45794 | C4: =TEXT(B:B, "mm-yyyy") -> 05-2025 | D4: Clothing | E4: Shoes | F4: 60.34 | G4: Seattle | H4: =IF(I4>1, 1, 0) -> 1 | I4: =COUNTIF($A:$A, A4) -> 5 | J4: =IF(COUNTIF($A$2:A4,A4)=1,"New","Repeat") -> New | K4: =IFERROR(__xludf.DUMMYFUNCTION("IF(I4=""4+"", COUNTUNIQUE(FILTER(A:A, I:I>=4)), COUNTUNIQUE(FILTER(A:A, I:I=I4)) )"),34) -> 34
A5: C178 | B5: 45745 | C5: =TEXT(B:B, "mm-yyyy") -> 03-2025 | D5: Clothing | E5: Jacket | F5: 455.49 | G5: Los Angeles | H5: =IF(I5>1, 1, 0) -> 0 | I5: =COUNTIF($A:$A, A5) -> 1 | J5: =IF(COUNTIF($A$2:A5,A5)=1,"New","Repeat") -> New | K5: =IFERROR(__xludf.DUMMYFUNCTION("IF(I5=""4+"", COUNTUNIQUE(FILTER(A:A, I:I>=4)), COUNTUNIQUE(FILTER(A:A, I:I=I5)) )"),24) -> 24
A6: C183 | B6: 45939 | C6: =TEXT(B:B, "mm-yyyy") -> 10-2025 | D6: Clothing | E6: Shoes | F6: 199.87 | G6: Los Angeles | H6: =IF(I6>1, 1, 0) -> 1 | I6: =COUNTIF($A:$A, A6) -> 9 | J6: =IF(COUNTIF($A$2:A6,A6)=1,"New","Repeat") -> New | K6: =IFERROR(__xludf.DUMMYFUNCTION("IF(I6=""4+"", COUNTUNIQUE(FILTER(A:A, I:I>=4)), COUNTUNIQUE(FILTER(A:A, I:I=I6)) )"),2) -> 2
A7: C123 | B7: 45932 | C7: =TEXT(B:B, "mm-yyyy") -> 10-2025 | D7: Electronics | E7: Keyboard | F7: 217.11 | G7: New York | H7: =IF(I7>1, 1, 0) -> 1 | I7: =COUNTIF($A:$A, A7) -> 3 | J7: =IF(COUNTIF($A$2:A7,A7)=1,"New","Repeat") -> New | K7: =IFERROR(__xludf.DUMMYFUNCTION("IF(I7=""4+"", COUNTUNIQUE(FILTER(A:A, I:I>=4)), COUNTUNIQUE(FILTER(A:A, I:I=I7)) )"),42) -> 42
A8: C183 | B8: 45956 | C8: =TEXT(B:B, "mm-yyyy") -> 10-2025 | D8: Clothing | E8: Jacket | F8: 49.89 | G8: New York | H8: =IF(I8>1, 1, 0) -> 1 | I8: =COUNTIF($A:$A, A8) -> 9 | J8: =IF(COUNTIF($A$2:A8,A8)=1,"New","Repeat") -> Repeat | K8: =IFERROR(__xludf.DUMMYFUNCTION("IF(I8=""4+"", COUNTUNIQUE(FILTER(A:A, I:I>=4)), COUNTUNIQUE(FILTER(A:A, I:I=I8)) )"),2) -> 2
A9: C033 | B9: 45937 | C9: =TEXT(B:B, "mm-yyyy") -> 10-2025 | D9: Beauty | E9: Shampoo | F9: 225.76 | G9: Chicago | H9: =IF(I9>1, 1, 0) -> 1 | I9: =COUNTIF($A:$A, A9) -> 5 | J9: =IF(COUNTIF($A$2:A9,A9)=1,"New","Repeat") -> New | K9: =IFERROR(__xludf.DUMMYFUNCTION("IF(I9=""4+"", COUNTUNIQUE(FILTER(A:A, I:I>=4)), COUNTUNIQUE(FILTER(A:A, I:I=I9)) )"),34) -> 34
A10: C172 | B10: 45873 | C10: =TEXT(B:B, "mm-yyyy") -> 08-2025 | D10: Sports | E10: Dumbbells | F10: 332.71 | G10: Boston | H10: =IF(I10>1, 1, 0) -> 0 | I10: =COUNTIF($A:$A, A10) -> 1 | J10: =IF(COUNTIF($A$2:A10,A10)=1,"New","Repeat") -> New | K10: =IFERROR(__xludf.DUMMYFUNCTION("IF(I10=""4+"", COUNTUNIQUE(FILTER(A:A, I:I>=4)), COUNTUNIQUE(FILTER(A:A, I:I=I10)) )"),24) -> 24
A11: C060 | B11: 45759 | C11: =TEXT(B:B, "mm-yyyy") -> 04-2025 | D11: Sports | E11: Tennis Racket | F11: 88.7 | G11: Seattle | H11: =IF(I11>1, 1, 0) -> 1 | I11: =COUNTIF($A:$A, A11) -> 3 | J11: =IF(COUNTIF($A$2:A11,A11)=1,"New","Repeat") -> New | K11: =IFERROR(__xludf.DUMMYFUNCTION("IF(I11=""4+"", COUNTUNIQUE(FILTER(A:A, I:I>=4)), COUNTUNIQUE(FILTER(A:A, I:I=I11)) )"),42) -> 42
A12: C107 | B12: 46020 | C12: =TEXT(B:B, "mm-yyyy") -> 12-2025 | D12: Beauty | E12: Foundation | F12: 62.24 | G12: Los Angeles | H12: =IF(I12>1, 1, 0) -> 1 | I12: =COUNTIF($A:$A, A12) -> 5 | J12: =IF(COUNTIF($A$2:A12,A12)=1,"New","Repeat") -> New | K12: =IFERROR(__xludf.DUMMYFUNCTION("IF(I12=""4+"", COUNTUNIQUE(FILTER(A:A, I:I>=4)), COUNTUNIQUE(FILTER(A:A, I:I=I12)) )"),34) -> 34
A13: C008 | B13: 45711 | C13: =TEXT(B:B, "mm-yyyy") -> 02-2025 | D13: Electronics | E13: Smartphone | F13: 493.22 | G13: Houston | H13: =IF(I13>1, 1, 0) -> 1 | I13: =COUNTIF($A:$A, A13) -> 4 | J13: =IF(COUNTIF($A$2:A13,A13)=1,"New","Repeat") -> New | K13: =IFERROR(__xludf.DUMMYFUNCTION("IF(I13=""4+"", COUNTUNIQUE(FILTER(A:A, I:I>=4)), COUNTUNIQUE(FILTER(A:A, I:I=I13)) )"),32) -> 32
A14: C091 | B14: 46068 | C14: =TEXT(B:B, "mm-yyyy") -> 02-2026 | D14: Electronics | E14: Headphones | F14: 104.02 | G14: New York | H14: =IF(I14>1, 1, 0) -> 1 | I14: =COUNTIF($A:$A, A14) -> 5 | J14: =IF(COUNTIF($A$2:A14,A14)=1,"New","Repeat") -> New | K14: =IFERROR(__xludf.DUMMYFUNCTION("IF(I14=""4+"", COUNTUNIQUE(FILTER(A:A, I:I>=4)), COUNTUNIQUE(FILTER(A:A, I:I=I14)) )"),34) -> 34
A15: C070 | B15: 45833 | C15: =TEXT(B:B, "mm-yyyy") -> 06-2025 | D15: Clothing | E15: Sweater | F15: 66.29 | G15: Chicago | H15: =IF(I15>1, 1, 0) -> 1 | I15: =COUNTIF($A:$A, A15) -> 4 | J15: =IF(COUNTIF($A$2:A15,A15)=1,"New","Repeat") -> New | K15: =IFERROR(__xludf.DUMMYFUNCTION("IF(I15=""4+"", COUNTUNIQUE(FILTER(A:A, I:I>=4)), COUNTUNIQUE(FILTER(A:A, I:I=I15)) )"),32) -> 32
A16: C190 | B16: 45873 | C16: =TEXT(B:B, "mm-yyyy") -> 08-2025 | D16: Sports | E16: Dumbbells | F16: 478.65 | G16: Seattle | H16: =IF(I16>1, 1, 0) -> 0 | I16: =COUNTIF($A:$A, A16) -> 1 | J16: =IF(COUNTIF($A$2:A16,A16)=1,"New","Repeat") -> New | K16: =IFERROR(__xludf.DUMMYFUNCTION("IF(I16=""4+"", COUNTUNIQUE(FILTER(A:A, I:I>=4)), COUNTUNIQUE(FILTER(A:A, I:I=I16)) )"),24) -> 24
A17: C067 | B17: 45795 | C17: =TEXT(B:B, "mm-yyyy") -> 05-2025 | D17: Beauty | E17: Foundation | F17: 326.18 | G17: Houston | H17: =IF(I17>1, 1, 0) -> 1 | I17: =COUNTIF($A:$A, A17) -> 4 | J17: =IF(COUNTIF($A$2:A17,A17)=1,"New","Repeat") -> New | K17: =IFERROR(__xludf.DUMMYFUNCTION("IF(I17=""4+"", COUNTUNIQUE(FILTER(A:A, I:I>=4)), COUNTUNIQUE(FILTER(A:A, I:I=I17)) )"),32) -> 32
A18: C075 | B18: 45740 | C18: =TEXT(B:B, "mm-yyyy") -> 03-2025 | D18: Home | E18: Chair | F18: 432.34 | G18: New York | H18: =IF(I18>1, 1, 0) -> 1 | I18: =COUNTIF($A:$A, A18) -> 8 | J18: =IF(COUNTIF($A$2:A18,A18)=1,"New","Repeat") -> New | K18: =IFERROR(__xludf.DUMMYFUNCTION("IF(I18=""4+"", COUNTUNIQUE(FILTER(A:A, I:I>=4)), COUNTUNIQUE(FILTER(A:A, I:I=I18)) )"),1) -> 1
A19: C047 | B19: 45779 | C19: =TEXT(B:B, "mm-yyyy") -> 05-2025 | D19: Sports | E19: Yoga Mat | F19: 108.15 | G19: Chicago | H19: =IF(I19>1, 1, 0) -> 1 | I19: =COUNTIF($A:$A, A19) -> 3 | J19: =IF(COUNTIF($A$2:A19,A19)=1,"New","Repeat") -> New | K19: =IFERROR(__xludf.DUMMYFUNCTION("IF(I19=""4+"", COUNTUNIQUE(FILTER(A:A, I:I>=4)), COUNTUNIQUE(FILTER(A:A, I:I=I19)) )"),42) -> 42
A20: C023 | B20: 45770 | C20: =TEXT(B:B, "mm-yyyy") -> 04-2025 | D20: Electronics | E20: Smartphone | F20: 267.75 | G20: Houston | H20: =IF(I20>1, 1, 0) -> 1 | I20: =COUNTIF($A:$A, A20) -> 5 | J20: =IF(COUNTIF($A$2:A20,A20)=1,"New","Repeat") -> New | K20: =IFERROR(__xludf.DUMMYFUNCTION("IF(I20=""4+"", COUNTUNIQUE(FILTER(A:A, I:I>=4)), COUNTUNIQUE(FILTER(A:A, I:I=I20)) )"),34) -> 34
A21: C001 | B21: 45891 | C21: =TEXT(B:B, "mm-yyyy") -> 08-2025 | D21: Electronics | E21: Keyboard | F21: 117.93 | G21: Houston | H21: =IF(I21>1, 1, 0) -> 1 | I21: =COUNTIF($A:$A, A21) -> 4 | J21: =IF(COUNTIF($A$2:A21,A21)=1,"New","Repeat") -> New | K21: =IFERROR(__xludf.DUMMYFUNCTION("IF(I21=""4+"", COUNTUNIQUE(FILTER(A:A, I:I>=4)), COUNTUNIQUE(FILTER(A:A, I:I=I21)) )"),32) -> 32
A22: C182 | B22: 45740 | C22: =TEXT(B:B, "mm-yyyy") -> 03-2025 | D22: Sports | E22: Soccer Ball | F22: 288.34 | G22: Boston | H22: =IF(I22>1, 1, 0) -> 1 | I22: =COUNTIF($A:$A, A22) -> 3 | J22: =IF(COUNTIF($A$2:A22,A22)=1,"New","Repeat") -> New | K22: =IFERROR(__xludf.DUMMYFUNCTION("IF(I22=""4+"", COUNTUNIQUE(FILTER(A:A, I:I>=4)), COUNTUNIQUE(FILTER(A:A, I:I=I22)) )"),42) -> 42
A23: C075 | B23: 45937 | C23: =TEXT(B:B, "mm-yyyy") -> 10-2025 | D23: Beauty | E23: Lipstick | F23: 146.52 | G23: Los Angeles | H23: =IF(I23>1, 1, 0) -> 1 | I23: =COUNTIF($A:$A, A23) -> 8 | J23: =IF(COUNTIF($A$2:A23,A23)=1,"New","Repeat") -> Repeat | K23: =IFERROR(__xludf.DUMMYFUNCTION("IF(I23=""4+"", COUNTUNIQUE(FILTER(A:A, I:I>=4)), COUNTUNIQUE(FILTER(A:A, I:I=I23)) )"),1) -> 1
A24: C100 | B24: 45789 | C24: =TEXT(B:B, "mm-yyyy") -> 05-2025 | D24: Sports | E24: Soccer Ball | F24: 80.82 | G24: Los Angeles | H24: =IF(I24>1, 1, 0) -> 1 | I24: =COUNTIF($A:$A, A24) -> 2 | J24: =IF(COUNTIF($A$2:A24,A24)=1,"New","Repeat") -> New | K24: =IFERROR(__xludf.DUMMYFUNCTION("IF(I24=""4+"", COUNTUNIQUE(FILTER(A:A, I:I>=4)), COUNTUNIQUE(FILTER(A:A, I:I=I24)) )"),37) -> 37
A25: C025 | B25: 45774 | C25: =TEXT(B:B, "mm-yyyy") -> 04-2025 | D25: Clothing | E25: Shoes | F25: 406.37 | G25: Boston | H25: =IF(I25>1, 1, 0) -> 1 | I25: =COUNTIF($A:$A, A25) -> 6 | J25: =IF(COUNTIF($A$2:A25,A25)=1,"New","Repeat") -> New | K25: =IFERROR(__xludf.DUMMYFUNCTION("IF(I25=""4+"", COUNTUNIQUE(FILTER(A:A, I:I>=4)), COUNTUNIQUE(FILTER(A:A, I:I=I25)) )"),19) -> 19
A26: C040 | B26: 46051 | C26: =TEXT(B:B, "mm-yyyy") -> 01-2026 | D26: Electronics | E26: Keyboard | F26: 410.52 | G26: Houston | H26: =IF(I26>1, 1, 0) -> 1 | I26: =COUNTIF($A:$A, A26) -> 4 | J26: =IF(COUNTIF($A$2:A26,A26)=1,"New","Repeat") -> New | K26: =IFERROR(__xludf.DUMMYFUNCTION("IF(I26=""4+"", COUNTUNIQUE(FILTER(A:A, I:I>=4)), COUNTUNIQUE(FILTER(A:A, I:I=I26)) )"),32) -> 32
A27: C101 | B27: 45959 | C27: =TEXT(B:B, "mm-yyyy") -> 10-2025 | D27: Sports | E27: Soccer Ball | F27: 87.88 | G27: New York | H27: =IF(I27>1, 1, 0) -> 1 | I27: =COUNTIF($A:$A, A27) -> 6 | J27: =IF(COUNTIF($A$2:A27,A27)=1,"New","Repeat") -> New | K27: =IFERROR(__xludf.DUMMYFUNCTION("IF(I27=""4+"", COUNTUNIQUE(FILTER(A:A, I:I>=4)), COUNTUNIQUE(FILTER(A:A, I:I=I27)) )"),19) -> 19
A28: C031 | B28: 46001 | C28: =TEXT(B:B, "mm-yyyy") -> 12-2025 | D28: Clothing | E28: Sweater | F28: 387.1 | G28: Los Angeles | H28: =IF(I28>1, 1, 0) -> 1 | I28: =COUNTIF($A:$A, A28) -> 5 | J28: =IF(COUNTIF($A$2:A28,A28)=1,"New","Repeat") -> New | K28: =IFERROR(__xludf.DUMMYFUNCTION("IF(I28=""4+"", COUNTUNIQUE(FILTER(A:A, I:I>=4)), COUNTUNIQUE(FILTER(A:A, I:I=I28)) )"),34) -> 34
A29: C008 | B29: 45890 | C29: =TEXT(B:B, "mm-yyyy") -> 08-2025 | D29: Clothing | E29: T-shirt | F29: 467.51 | G29: New York | H29: =IF(I29>1, 1, 0) -> 1 | I29: =COUNTIF($A:$A, A29) -> 4 | J29: =IF(COUNTIF($A$2:A29,A29)=1,"New","Repeat") -> Repeat | K29: =IFERROR(__xludf.DUMMYFUNCTION("IF(I29=""4+"", COUNTUNIQUE(FILTER(A:A, I:I>=4)), COUNTUNIQUE(FILTER(A:A, I:I=I29)) )"),32) -> 32
A30: C136 | B30: 45784 | C30: =TEXT(B:B, "mm-yyyy") -> 05-2025 | D30: Beauty | E30: Foundation | F30: 466.89 | G30: Seattle | H30: =IF(I30>1, 1, 0) -> 1 | I30: =COUNTIF($A:$A, A30) -> 3 | J30: =IF(COUNTIF($A$2:A30,A30)=1,"New","Repeat") -> New | K30: =IFERROR(__xludf.DUMMYFUNCTION("IF(I30=""4+"", COUNTUNIQUE(FILTER(A:A, I:I>=4)), COUNTUNIQUE(FILTER(A:A, I:I=I30)) )"),42) -> 42
A31: C194 | B31: 45734 | C31: =TEXT(B:B, "mm-yyyy") -> 03-2025 | D31: Home | E31: Toaster | F31: 351.58 | G31: Houston | H31: =IF(I31>1, 1, 0) -> 1 | I31: =COUNTIF($A:$A, A31) -> 7 | J31: =IF(COUNTIF($A$2:A31,A31)=1,"New","Repeat") -> New | K31: =IFERROR(__xludf.DUMMYFUNCTION("IF(I31=""4+"", COUNTUNIQUE(FILTER(A:A, I:I>=4)), COUNTUNIQUE(FILTER(A:A, I:I=I31)) )"),4) -> 4
A32: C005 | B32: 45910 | C32: =TEXT(B:B, "mm-yyyy") -> 09-2025 | D32: Beauty | E32: Lipstick | F32: 187.71 | G32: Miami | H32: =IF(I32>1, 1, 0) -> 1 | I32: =COUNTIF($A:$A, A32) -> 4 | J32: =IF(COUNTIF($A$2:A32,A32)=1,"New","Repeat") -> New | K32: =IFERROR(__xludf.DUMMYFUNCTION("IF(I32=""4+"", COUNTUNIQUE(FILTER(A:A, I:I>=4)), COUNTUNIQUE(FILTER(A:A, I:I=I32)) )"),32) -> 32
A33: C069 | B33: 45880 | C33: =TEXT(B:B, "mm-yyyy") -> 08-2025 | D33: Home | E33: Lamp | F33: 330.98 | G33: Chicago | H33: =IF(I33>1, 1, 0) -> 1 | I33: =COUNTIF($A:$A, A33) -> 7 | J33: =IF(COUNTIF($A$2:A33,A33)=1,"New","Repeat") -> New | K33: =IFERROR(__xludf.DUMMYFUNCTION("IF(I33=""4+"", COUNTUNIQUE(FILTER(A:A, I:I>=4)), COUNTUNIQUE(FILTER(A:A, I:I=I33)) )"),4) -> 4
A34: C056 | B34: 45718 | C34: =TEXT(B:B, "mm-yyyy") -> 03-2025 | D34: Electronics | E34: Mouse | F34: 345.51 | G34: Seattle | H34: =IF(I34>1, 1, 0) -> 1 | I34: =COUNTIF($A:$A, A34) -> 3 | J34: =IF(COUNTIF($A$2:A34,A34)=1,"New","Repeat") -> New | K34: =IFERROR(__xludf.DUMMYFUNCTION("IF(I34=""4+"", COUNTUNIQUE(FILTER(A:A, I:I>=4)), COUNTUNIQUE(FILTER(A:A, I:I=I34)) )"),42) -> 42
A35: C183 | B35: 45739 | C35: =TEXT(B:B, "mm-yyyy") -> 03-2025 | D35: Electronics | E35: Smartphone | F35: 437.67 | G35: New York | H35: =IF(I35>1, 1, 0) -> 1 | I35: =COUNTIF($A:$A, A35) -> 9 | J35: =IF(COUNTIF($A$2:A35,A35)=1,"New","Repeat") -> Repeat | K35: =IFERROR(__xludf.DUMMYFUNCTION("IF(I35=""4+"", COUNTUNIQUE(FILTER(A:A, I:I>=4)), COUNTUNIQUE(FILTER(A:A, I:I=I35)) )"),2) -> 2
A36: C010 | B36: 45936 | C36: =TEXT(B:B, "mm-yyyy") -> 10-2025 | D36: Clothing | E36: Jacket | F36: 116.58 | G36: Los Angeles | H36: =IF(I36>1, 1, 0) -> 1 | I36: =COUNTIF($A:$A, A36) -> 3 | J36: =IF(COUNTIF($A$2:A36,A36)=1,"New","Repeat") -> New | K36: =IFERROR(__xludf.DUMMYFUNCTION("IF(I36=""4+"", COUNTUNIQUE(FILTER(A:A, I:I>=4)), COUNTUNIQUE(FILTER(A:A, I:I=I36)) )"),42) -> 42
A37: C026 | B37: 45865 | C37: =TEXT(B:B, "mm-yyyy") -> 07-2025 | D37: Sports | E37: Dumbbells | F37: 120.01 | G37: Chicago | H37: =IF(I37>1, 1, 0) -> 1 | I37: =COUNTIF($A:$A, A37) -> 3 | J37: =IF(COUNTIF($A$2:A37,A37)=1,"New","Repeat") -> New | K37: =IFERROR(__xludf.DUMMYFUNCTION("IF(I37=""4+"", COUNTUNIQUE(FILTER(A:A, I:I>=4)), COUNTUNIQUE(FILTER(A:A, I:I=I37)) )"),42) -> 42
A38: C180 | B38: 45910 | C38: =TEXT(B:B, "mm-yyyy") -> 09-2025 | D38: Home | E38: Toaster | F38: 55.22 | G38: Houston | H38: =IF(I38>1, 1, 0) -> 1 | I38: =COUNTIF($A:$A, A38) -> 6 | J38: =IF(COUNTIF($A$2:A38,A38)=1,"New","Repeat") -> New | K38: =IFERROR(__xludf.DUMMYFUNCTION("IF(I38=""4+"", COUNTUNIQUE(FILTER(A:A, I:I>=4)), COUNTUNIQUE(FILTER(A:A, I:I=I38)) )"),19) -> 19
A39: C049 | B39: 46062 | C39: =TEXT(B:B, "mm-yyyy") -> 02-2026 | D39: Home | E39: Chair | F39: 77.56 | G39: Boston | H39: =IF(I39>1, 1, 0) -> 1 | I39: =COUNTIF($A:$A, A39) -> 4 | J39: =IF(COUNTIF($A$2:A39,A39)=1,"New","Repeat") -> New | K39: =IFERROR(__xludf.DUMMYFUNCTION("IF(I39=""4+"", COUNTUNIQUE(FILTER(A:A, I:I>=4)), COUNTUNIQUE(FILTER(A:A, I:I=I39)) )"),32) -> 32
A40: C067 | B40: 45982 | C40: =TEXT(B:B, "mm-yyyy") -> 11-2025 | D40: Electronics | E40: Keyboard | F40: 426.31 | G40: Seattle | H40: =IF(I40>1, 1, 0) -> 1 | I40: =COUNTIF($A:$A, A40) -> 4 | J40: =IF(COUNTIF($A$2:A40,A40)=1,"New","Repeat") -> Repeat | K40: =IFERROR(__xludf.DUMMYFUNCTION("IF(I40=""4+"", COUNTUNIQUE(FILTER(A:A, I:I>=4)), COUNTUNIQUE(FILTER(A:A, I:I=I40)) )"),32) -> 32
A41: C089 | B41: 46054 | C41: =TEXT(B:B, "mm-yyyy") -> 02-2026 | D41: Clothing | E41: Sweater | F41: 393.11 | G41: Miami | H41: =IF(I41>1, 1, 0) -> 1 | I41: =COUNTIF($A:$A, A41) -> 3 | J41: =IF(COUNTIF($A$2:A41,A41)=1,"New","Repeat") -> New | K41: =IFERROR(__xludf.DUMMYFUNCTION("IF(I41=""4+"", COUNTUNIQUE(FILTER(A:A, I:I>=4)), COUNTUNIQUE(FILTER(A:A, I:I=I41)) )"),42) -> 42
A42: C018 | B42: 45741 | C42: =TEXT(B:B, "mm-yyyy") -> 03-2025 | D42: Clothing | E42: Sweater | F42: 186.77 | G42: Houston | H42: =IF(I42>1, 1, 0) -> 1 | I42: =COUNTIF($A:$A, A42) -> 6 | J42: =IF(COUNTIF($A$2:A42,A42)=1,"New","Repeat") -> New | K42: =IFERROR(__xludf.DUMMYFUNCTION("IF(I42=""4+"", COUNTUNIQUE(FILTER(A:A, I:I>=4)), COUNTUNIQUE(FILTER(A:A, I:I=I42)) )"),19) -> 19
A43: C057 | B43: 45914 | C43: =TEXT(B:B, "mm-yyyy") -> 09-2025 | D43: Sports | E43: Yoga Mat | F43: 145.19 | G43: Chicago | H43: =IF(I43>1, 1, 0) -> 1 | I43: =COUNTIF($A:$A, A43) -> 10 | J43: =IF(COUNTIF($A$2:A43,A43)=1,"New","Repeat") -> New | K43: =IFERROR(__xludf.DUMMYFUNCTION("IF(I43=""4+"", COUNTUNIQUE(FILTER(A:A, I:I>=4)), COUNTUNIQUE(FILTER(A:A, I:I=I43)) )"),1) -> 1
A44: C139 | B44: 45783 | C44: =TEXT(B:B, "mm-yyyy") -> 05-2025 | D44: Sports | E44: Soccer Ball | F44: 47.74 | G44: Houston | H44: =IF(I44>1, 1, 0) -> 1 | I44: =COUNTIF($A:$A, A44) -> 5 | J44: =IF(COUNTIF($A$2:A44,A44)=1,"New","Repeat") -> New | K44: =IFERROR(__xludf.DUMMYFUNCTION("IF(I44=""4+"", COUNTUNIQUE(FILTER(A:A, I:I>=4)), COUNTUNIQUE(FILTER(A:A, I:I=I44)) )"),34) -> 34
A45: C132 | B45: 45876 | C45: =TEXT(B:B, "mm-yyyy") -> 08-2025 | D45: Electronics | E45: Mouse | F45: 218.4 | G45: Houston | H45: =IF(I45>1, 1, 0) -> 1 | I45: =COUNTIF($A:$A, A45) -> 4 | J45: =IF(COUNTIF($A$2:A45,A45)=1,"New","Repeat") -> New | K45: =IFERROR(__xludf.DUMMYFUNCTION("IF(I45=""4+"", COUNTUNIQUE(FILTER(A:A, I:I>=4)), COUNTUNIQUE(FILTER(A:A, I:I=I45)) )"),32) -> 32
A46: C158 | B46: 45749 | C46: =TEXT(B:B, "mm-yyyy") -> 04-2025 | D46: Beauty | E46: Lipstick | F46: 342.03 | G46: Boston | H46: =IF(I46>1, 1, 0) -> 1 | I46: =COUNTIF($A:$A, A46) -> 5 | J46: =IF(COUNTIF($A$2:A46,A46)=1,"New","Repeat") -> New | K46: =IFERROR(__xludf.DUMMYFUNCTION("IF(I46=""4+"", COUNTUNIQUE(FILTER(A:A, I:I>=4)), COUNTUNIQUE(FILTER(A:A, I:I=I46)) )"),34) -> 34
A47: C171 | B47: 46026 | C47: =TEXT(B:B, "mm-yyyy") -> 01-2026 | D47: Electronics | E47: Smartphone | F47: 199.54 | G47: Boston | H47: =IF(I47>1, 1, 0) -> 1 | I47: =COUNTIF($A:$A, A47) -> 3 | J47: =IF(COUNTIF($A$2:A47,A47)=1,"New","Repeat") -> New | K47: =IFERROR(__xludf.DUMMYFUNCTION("IF(I47=""4+"", COUNTUNIQUE(FILTER(A:A, I:I>=4)), COUNTUNIQUE(FILTER(A:A, I:I=I47)) )"),42) -> 42
A48: C199 | B48: 45929 | C48: =TEXT(B:B, "mm-yyyy") -> 09-2025 | D48: Electronics | E48: Laptop | F48: 466.63 | G48: Houston | H48: =IF(I48>1, 1, 0) -> 1 | I48: =COUNTIF($A:$A, A48) -> 7 | J48: =IF(COUNTIF($A$2:A48,A48)=1,"New","Repeat") -> New | K48: =IFERROR(__xludf.DUMMYFUNCTION("IF(I48=""4+"", COUNTUNIQUE(FILTER(A:A, I:I>=4)), COUNTUNIQUE(FILTER(A:A, I:I=I48)) )"),4) -> 4
A49: C106 | B49: 45929 | C49: =TEXT(B:B, "mm-yyyy") -> 09-2025 | D49: Beauty | E49: Perfume | F49: 278.2 | G49: Chicago | H49: =IF(I49>1, 1, 0) -> 1 | I49: =COUNTIF($A:$A, A49) -> 5 | J49: =IF(COUNTIF($A$2:A49,A49)=1,"New","Repeat") -> New | K49: =IFERROR(__xludf.DUMMYFUNCTION("IF(I49=""4+"", COUNTUNIQUE(FILTER(A:A, I:I>=4)), COUNTUNIQUE(FILTER(A:A, I:I=I49)) )"),34) -> 34
A50: C185 | B50: 46043 | C50: =TEXT(B:B, "mm-yyyy") -> 01-2026 | D50: Electronics | E50: Keyboard | F50: 397.06 | G50: Seattle | H50: =IF(I50>1, 1, 0) -> 1 | I50: =COUNTIF($A:$A, A50) -> 2 | J50: =IF(COUNTIF($A$2:A50,A50)=1,"New","Repeat") -> New | K50: =IFERROR(__xludf.DUMMYFUNCTION("IF(I50=""4+"", COUNTUNIQUE(FILTER(A:A, I:I>=4)), COUNTUNIQUE(FILTER(A:A, I:I=I50)) )"),37) -> 37
A51: C159 | B51: 45901 | C51: =TEXT(B:B, "mm-yyyy") -> 09-2025 | D51: Electronics | E51: Laptop | F51: 70.94 | G51: Chicago | H51: =IF(I51>1, 1, 0) -> 1 | I51: =COUNTIF($A:$A, A51) -> 5 | J51: =IF(COUNTIF($A$2:A51,A51)=1,"New","Repeat") -> New | K51: =IFERROR(__xludf.DUMMYFUNCTION("IF(I51=""4+"", COUNTUNIQUE(FILTER(A:A, I:I>=4)), COUNTUNIQUE(FILTER(A:A, I:I=I51)) )"),34) -> 34
A52: C060 | B52: 46074 | C52: =TEXT(B:B, "mm-yyyy") -> 02-2026 | D52: Electronics | E52: Smartphone | F52: 71.71 | G52: New York | H52: =IF(I52>1, 1, 0) -> 1 | I52: =COUNTIF($A:$A, A52) -> 3 | J52: =IF(COUNTIF($A$2:A52,A52)=1,"New","Repeat") -> Repeat | K52: =IFERROR(__xludf.DUMMYFUNCTION("IF(I52=""4+"", COUNTUNIQUE(FILTER(A:A, I:I>=4)), COUNTUNIQUE(FILTER(A:A, I:I=I52)) )"),42) -> 42
A53: C166 | B53: 45755 | C53: =TEXT(B:B, "mm-yyyy") -> 04-2025 | D53: Sports | E53: Yoga Mat | F53: 355.51 | G53: Miami | H53: =IF(I53>1, 1, 0) -> 0 | I53: =COUNTIF($A:$A, A53) -> 1 | J53: =IF(COUNTIF($A$2:A53,A53)=1,"New","Repeat") -> New | K53: =IFERROR(__xludf.DUMMYFUNCTION("IF(I53=""4+"", COUNTUNIQUE(FILTER(A:A, I:I>=4)), COUNTUNIQUE(FILTER(A:A, I:I=I53)) )"),24) -> 24
A54: C043 | B54: 46016 | C54: =TEXT(B:B, "mm-yyyy") -> 12-2025 | D54: Electronics | E54: Smartphone | F54: 222.49 | G54: Boston | H54: =IF(I54>1, 1, 0) -> 1 | I54: =COUNTIF($A:$A, A54) -> 6 | J54: =IF(COUNTIF($A$2:A54,A54)=1,"New","Repeat") -> New | K54: =IFERROR(__xludf.DUMMYFUNCTION("IF(I54=""4+"", COUNTUNIQUE(FILTER(A:A, I:I>=4)), COUNTUNIQUE(FILTER(A:A, I:I=I54)) )"),19) -> 19
A55: C183 | B55: 46045 | C55: =TEXT(B:B, "mm-yyyy") -> 01-2026 | D55: Sports | E55: Sneakers | F55: 427.64 | G55: Chicago | H55: =IF(I55>1, 1, 0) -> 1 | I55: =COUNTIF($A:$A, A55) -> 9 | J55: =IF(COUNTIF($A$2:A55,A55)=1,"New","Repeat") -> Repeat | K55: =IFERROR(__xludf.DUMMYFUNCTION("IF(I55=""4+"", COUNTUNIQUE(FILTER(A:A, I:I>=4)), COUNTUNIQUE(FILTER(A:A, I:I=I55)) )"),2) -> 2
A56: C141 | B56: 45743 | C56: =TEXT(B:B, "mm-yyyy") -> 03-2025 | D56: Electronics | E56: Headphones | F56: 171.76 | G56: Boston | H56: =IF(I56>1, 1, 0) -> 1 | I56: =COUNTIF($A:$A, A56) -> 2 | J56: =IF(COUNTIF($A$2:A56,A56)=1,"New","Repeat") -> New | K56: =IFERROR(__xludf.DUMMYFUNCTION("IF(I56=""4+"", COUNTUNIQUE(FILTER(A:A, I:I>=4)), COUNTUNIQUE(FILTER(A:A, I:I=I56)) )"),37) -> 37
A57: C161 | B57: 45903 | C57: =TEXT(B:B, "mm-yyyy") -> 09-2025 | D57: Beauty | E57: Lotion | F57: 354.04 | G57: Los Angeles | H57: =IF(I57>1, 1, 0) -> 1 | I57: =COUNTIF($A:$A, A57) -> 5 | J57: =IF(COUNTIF($A$2:A57,A57)=1,"New","Repeat") -> New | K57: =IFERROR(__xludf.DUMMYFUNCTION("IF(I57=""4+"", COUNTUNIQUE(FILTER(A:A, I:I>=4)), COUNTUNIQUE(FILTER(A:A, I:I=I57)) )"),34) -> 34
A58: C057 | B58: 45831 | C58: =TEXT(B:B, "mm-yyyy") -> 06-2025 | D58: Clothing | E58: Sweater | F58: 239.36 | G58: Seattle | H58: =IF(I58>1, 1, 0) -> 1 | I58: =COUNTIF($A:$A, A58) -> 10 | J58: =IF(COUNTIF($A$2:A58,A58)=1,"New","Repeat") -> Repeat | K58: =IFERROR(__xludf.DUMMYFUNCTION("IF(I58=""4+"", COUNTUNIQUE(FILTER(A:A, I:I>=4)), COUNTUNIQUE(FILTER(A:A, I:I=I58)) )"),1) -> 1
A59: C122 | B59: 46008 | C59: =TEXT(B:B, "mm-yyyy") -> 12-2025 | D59: Electronics | E59: Smartphone | F59: 215.77 | G59: New York | H59: =IF(I59>1, 1, 0) -> 1 | I59: =COUNTIF($A:$A, A59) -> 5 | J59: =IF(COUNTIF($A$2:A59,A59)=1,"New","Repeat") -> New | K59: =IFERROR(__xludf.DUMMYFUNCTION("IF(I59=""4+"", COUNTUNIQUE(FILTER(A:A, I:I>=4)), COUNTUNIQUE(FILTER(A:A, I:I=I59)) )"),34) -> 34
A60: C010 | B60: 46074 | C60: =TEXT(B:B, "mm-yyyy") -> 02-2026 | D60: Sports | E60: Tennis Racket | F60: 330.4 | G60: New York | H60: =IF(I60>1, 1, 0) -> 1 | I60: =COUNTIF($A:$A, A60) -> 3 | J60: =IF(COUNTIF($A$2:A60,A60)=1,"New","Repeat") -> Repeat | K60: =IFERROR(__xludf.DUMMYFUNCTION("IF(I60=""4+"", COUNTUNIQUE(FILTER(A:A, I:I>=4)), COUNTUNIQUE(FILTER(A:A, I:I=I60)) )"),42) -> 42
A61: C107 | B61: 46071 | C61: =TEXT(B:B, "mm-yyyy") -> 02-2026 | D61: Clothing | E61: Jacket | F61: 386.13 | G61: Boston | H61: =IF(I61>1, 1, 0) -> 1 | I61: =COUNTIF($A:$A, A61) -> 5 | J61: =IF(COUNTIF($A$2:A61,A61)=1,"New","Repeat") -> Repeat | K61: =IFERROR(__xludf.DUMMYFUNCTION("IF(I61=""4+"", COUNTUNIQUE(FILTER(A:A, I:I>=4)), COUNTUNIQUE(FILTER(A:A, I:I=I61)) )"),34) -> 34
A62: C195 | B62: 45997 | C62: =TEXT(B:B, "mm-yyyy") -> 12-2025 | D62: Sports | E62: Tennis Racket | F62: 333.88 | G62: Boston | H62: =IF(I62>1, 1, 0) -> 1 | I62: =COUNTIF($A:$A, A62) -> 5 | J62: =IF(COUNTIF($A$2:A62,A62)=1,"New","Repeat") -> Repeat | K62: =IFERROR(__xludf.DUMMYFUNCTION("IF(I62=""4+"", COUNTUNIQUE(FILTER(A:A, I:I>=4)), COUNTUNIQUE(FILTER(A:A, I:I=I62)) )"),34) -> 34
A63: C170 | B63: 45775 | C63: =TEXT(B:B, "mm-yyyy") -> 04-2025 | D63: Beauty | E63: Foundation | F63: 139.87 | G63: New York | H63: =IF(I63>1, 1, 0) -> 1 | I63: =COUNTIF($A:$A, A63) -> 4 | J63: =IF(COUNTIF($A$2:A63,A63)=1,"New","Repeat") -> New | K63: =IFERROR(__xludf.DUMMYFUNCTION("IF(I63=""4+"", COUNTUNIQUE(FILTER(A:A, I:I>=4)), COUNTUNIQUE(FILTER(A:A, I:I=I63)) )"),32) -> 32
A64: C179 | B64: 45914 | C64: =TEXT(B:B, "mm-yyyy") -> 09-2025 | D64: Electronics | E64: Laptop | F64: 247.72 | G64: Houston | H64: =IF(I64>1, 1, 0) -> 1 | I64: =COUNTIF($A:$A, A64) -> 3 | J64: =IF(COUNTIF($A$2:A64,A64)=1,"New","Repeat") -> New | K64: =IFERROR(__xludf.DUMMYFUNCTION("IF(I64=""4+"", COUNTUNIQUE(FILTER(A:A, I:I>=4)), COUNTUNIQUE(FILTER(A:A, I:I=I64)) )"),42) -> 42
A65: C112 | B65: 45888 | C65: =TEXT(B:B, "mm-yyyy") -> 08-2025 | D65: Home | E65: Blender | F65: 27.36 | G65: Houston | H65: =IF(I65>1, 1, 0) -> 1 | I65: =COUNTIF($A:$A, A65) -> 6 | J65: =IF(COUNTIF($A$2:A65,A65)=1,"New","Repeat") -> New | K65: =IFERROR(__xludf.DUMMYFUNCTION("IF(I65=""4+"", COUNTUNIQUE(FILTER(A:A, I:I>=4)), COUNTUNIQUE(FILTER(A:A, I:I=I65)) )"),19) -> 19
A66: C143 | B66: 46011 | C66: =TEXT(B:B, "mm-yyyy") -> 12-2025 | D66: Sports | E66: Tennis Racket | F66: 84.45 | G66: New York | H66: =IF(I66>1, 1, 0) -> 1 | I66: =COUNTIF($A:$A, A66) -> 5 | J66: =IF(COUNTIF($A$2:A66,A66)=1,"New","Repeat") -> New | K66: =IFERROR(__xludf.DUMMYFUNCTION("IF(I66=""4+"", COUNTUNIQUE(FILTER(A:A, I:I>=4)), COUNTUNIQUE(FILTER(A:A, I:I=I66)) )"),34) -> 34
A67: C074 | B67: 45818 | C67: =TEXT(B:B, "mm-yyyy") -> 06-2025 | D67: Beauty | E67: Lipstick | F67: 455.78 | G67: Los Angeles | H67: =IF(I67>1, 1, 0) -> 1 | I67: =COUNTIF($A:$A, A67) -> 2 | J67: =IF(COUNTIF($A$2:A67,A67)=1,"New","Repeat") -> New | K67: =IFERROR(__xludf.DUMMYFUNCTION("IF(I67=""4+"", COUNTUNIQUE(FILTER(A:A, I:I>=4)), COUNTUNIQUE(FILTER(A:A, I:I=I67)) )"),37) -> 37
A68: C041 | B68: 46002 | C68: =TEXT(B:B, "mm-yyyy") -> 12-2025 | D68: Sports | E68: Soccer Ball | F68: 51.83 | G68: Boston | H68: =IF(I68>1, 1, 0) -> 1 | I68: =COUNTIF($A:$A, A68) -> 4 | J68: =IF(COUNTIF($A$2:A68,A68)=1,"New","Repeat") -> New | K68: =IFERROR(__xludf.DUMMYFUNCTION("IF(I68=""4+"", COUNTUNIQUE(FILTER(A:A, I:I>=4)), COUNTUNIQUE(FILTER(A:A, I:I=I68)) )"),32) -> 32
A69: C158 | B69: 45810 | C69: =TEXT(B:B, "mm-yyyy") -> 06-2025 | D69: Clothing | E69: Shoes | F69: 83.13 | G69: Seattle | H69: =IF(I69>1, 1, 0) -> 1 | I69: =COUNTIF($A:$A, A69) -> 5 | J69: =IF(COUNTIF($A$2:A69,A69)=1,"New","Repeat") -> Repeat | K69: =IFERROR(__xludf.DUMMYFUNCTION("IF(I69=""4+"", COUNTUNIQUE(FILTER(A:A, I:I>=4)), COUNTUNIQUE(FILTER(A:A, I:I=I69)) )"),34) -> 34
A70: C161 | B70: 45749 | C70: =TEXT(B:B, "mm-yyyy") -> 04-2025 | D70: Home | E70: Toaster | F70: 366.63 | G70: New York | H70: =IF(I70>1, 1, 0) -> 1 | I70: =COUNTIF($A:$A, A70) -> 5 | J70: =IF(COUNTIF($A$2:A70,A70)=1,"New","Repeat") -> Repeat | K70: =IFERROR(__xludf.DUMMYFUNCTION("IF(I70=""4+"", COUNTUNIQUE(FILTER(A:A, I:I>=4)), COUNTUNIQUE(FILTER(A:A, I:I=I70)) )"),34) -> 34
A71: C117 | B71: 45749 | C71: =TEXT(B:B, "mm-yyyy") -> 04-2025 | D71: Beauty | E71: Perfume | F71: 206.96 | G71: New York | H71: =IF(I71>1, 1, 0) -> 1 | I71: =COUNTIF($A:$A, A71) -> 5 | J71: =IF(COUNTIF($A$2:A71,A71)=1,"New","Repeat") -> New | K71: =IFERROR(__xludf.DUMMYFUNCTION("IF(I71=""4+"", COUNTUNIQUE(FILTER(A:A, I:I>=4)), COUNTUNIQUE(FILTER(A:A, I:I=I71)) )"),34) -> 34
A72: C099 | B72: 45770 | C72: =TEXT(B:B, "mm-yyyy") -> 04-2025 | D72: Sports | E72: Soccer Ball | F72: 410.43 | G72: Seattle | H72: =IF(I72>1, 1, 0) -> 1 | I72: =COUNTIF($A:$A, A72) -> 3 | J72: =IF(COUNTIF($A$2:A72,A72)=1,"New","Repeat") -> New | K72: =IFERROR(__xludf.DUMMYFUNCTION("IF(I72=""4+"", COUNTUNIQUE(FILTER(A:A, I:I>=4)), COUNTUNIQUE(FILTER(A:A, I:I=I72)) )"),42) -> 42
A73: C009 | B73: 45822 | C73: =TEXT(B:B, "mm-yyyy") -> 06-2025 | D73: Beauty | E73: Lipstick | F73: 19.81 | G73: New York | H73: =IF(I73>1, 1, 0) -> 1 | I73: =COUNTIF($A:$A, A73) -> 2 | J73: =IF(COUNTIF($A$2:A73,A73)=1,"New","Repeat") -> New | K73: =IFERROR(__xludf.DUMMYFUNCTION("IF(I73=""4+"", COUNTUNIQUE(FILTER(A:A, I:I>=4)), COUNTUNIQUE(FILTER(A:A, I:I=I73)) )"),37) -> 37
A74: C094 | B74: 45992 | C74: =TEXT(B:B, "mm-yyyy") -> 12-2025 | D74: Sports | E74: Soccer Ball | F74: 372.18 | G74: Seattle | H74: =IF(I74>1, 1, 0) -> 1 | I74: =COUNTIF($A:$A, A74) -> 4 | J74: =IF(COUNTIF($A$2:A74,A74)=1,"New","Repeat") -> New | K74: =IFERROR(__xludf.DUMMYFUNCTION("IF(I74=""4+"", COUNTUNIQUE(FILTER(A:A, I:I>=4)), COUNTUNIQUE(FILTER(A:A, I:I=I74)) )"),32) -> 32
A75: C043 | B75: 45759 | C75: =TEXT(B:B, "mm-yyyy") -> 04-2025 | D75: Clothing | E75: T-shirt | F75: 182.25 | G75: Miami | H75: =IF(I75>1, 1, 0) -> 1 | I75: =COUNTIF($A:$A, A75) -> 6 | J75: =IF(COUNTIF($A$2:A75,A75)=1,"New","Repeat") -> Repeat | K75: =IFERROR(__xludf.DUMMYFUNCTION("IF(I75=""4+"", COUNTUNIQUE(FILTER(A:A, I:I>=4)), COUNTUNIQUE(FILTER(A:A, I:I=I75)) )"),19) -> 19
A76: C033 | B76: 45863 | C76: =TEXT(B:B, "mm-yyyy") -> 07-2025 | D76: Electronics | E76: Laptop | F76: 394.2 | G76: Miami | H76: =IF(I76>1, 1, 0) -> 1 | I76: =COUNTIF($A:$A, A76) -> 5 | J76: =IF(COUNTIF($A$2:A76,A76)=1,"New","Repeat") -> Repeat | K76: =IFERROR(__xludf.DUMMYFUNCTION("IF(I76=""4+"", COUNTUNIQUE(FILTER(A:A, I:I>=4)), COUNTUNIQUE(FILTER(A:A, I:I=I76)) )"),34) -> 34
A77: C116 | B77: 45907 | C77: =TEXT(B:B, "mm-yyyy") -> 09-2025 | D77: Clothing | E77: Sweater | F77: 336.64 | G77: Boston | H77: =IF(I77>1, 1, 0) -> 1 | I77: =COUNTIF($A:$A, A77) -> 2 | J77: =IF(COUNTIF($A$2:A77,A77)=1,"New","Repeat") -> New | K77: =IFERROR(__xludf.DUMMYFUNCTION("IF(I77=""4+"", COUNTUNIQUE(FILTER(A:A, I:I>=4)), COUNTUNIQUE(FILTER(A:A, I:I=I77)) )"),37) -> 37
A78: C109 | B78: 45817 | C78: =TEXT(B:B, "mm-yyyy") -> 06-2025 | D78: Electronics | E78: Laptop | F78: 166.19 | G78: Houston | H78: =IF(I78>1, 1, 0) -> 1 | I78: =COUNTIF($A:$A, A78) -> 4 | J78: =IF(COUNTIF($A$2:A78,A78)=1,"New","Repeat") -> New | K78: =IFERROR(__xludf.DUMMYFUNCTION("IF(I78=""4+"", COUNTUNIQUE(FILTER(A:A, I:I>=4)), COUNTUNIQUE(FILTER(A:A, I:I=I78)) )"),32) -> 32
A79: C048 | B79: 46041 | C79: =TEXT(B:B, "mm-yyyy") -> 01-2026 | D79: Beauty | E79: Lipstick | F79: 272.55 | G79: Chicago | H79: =IF(I79>1, 1, 0) -> 1 | I79: =COUNTIF($A:$A, A79) -> 2 | J79: =IF(COUNTIF($A$2:A79,A79)=1,"New","Repeat") -> New | K79: =IFERROR(__xludf.DUMMYFUNCTION("IF(I79=""4+"", COUNTUNIQUE(FILTER(A:A, I:I>=4)), COUNTUNIQUE(FILTER(A:A, I:I=I79)) )"),37) -> 37
A80: C182 | B80: 45993 | C80: =TEXT(B:B, "mm-yyyy") -> 12-2025 | D80: Sports | E80: Yoga Mat | F80: 413.14 | G80: Chicago | H80: =IF(I80>1, 1, 0) -> 1 | I80: =COUNTIF($A:$A, A80) -> 3 | J80: =IF(COUNTIF($A$2:A80,A80)=1,"New","Repeat") -> Repeat | K80: =IFERROR(__xludf.DUMMYFUNCTION("IF(I80=""4+"", COUNTUNIQUE(FILTER(A:A, I:I>=4)), COUNTUNIQUE(FILTER(A:A, I:I=I80)) )"),42) -> 42
A81: C098 | B81: 45779 | C81: =TEXT(B:B, "mm-yyyy") -> 05-2025 | D81: Sports | E81: Tennis Racket | F81: 142.74 | G81: Seattle | H81: =IF(I81>1, 1, 0) -> 1 | I81: =COUNTIF($A:$A, A81) -> 2 | J81: =IF(COUNTIF($A$2:A81,A81)=1,"New","Repeat") -> New | K81: =IFERROR(__xludf.DUMMYFUNCTION("IF(I81=""4+"", COUNTUNIQUE(FILTER(A:A, I:I>=4)), COUNTUNIQUE(FILTER(A:A, I:I=I81)) )"),37) -> 37
A82: C079 | B82: 46039 | C82: =TEXT(B:B, "mm-yyyy") -> 01-2026 | D82: Home | E82: Lamp | F82: 176.78 | G82: Los Angeles | H82: =IF(I82>1, 1, 0) -> 1 | I82: =COUNTIF($A:$A, A82) -> 3 | J82: =IF(COUNTIF($A$2:A82,A82)=1,"New","Repeat") -> New | K82: =IFERROR(__xludf.DUMMYFUNCTION("IF(I82=""4+"", COUNTUNIQUE(FILTER(A:A, I:I>=4)), COUNTUNIQUE(FILTER(A:A, I:I=I82)) )"),42) -> 42
A83: C057 | B83: 46035 | C83: =TEXT(B:B, "mm-yyyy") -> 01-2026 | D83: Electronics | E83: Laptop | F83: 229.67 | G83: Miami | H83: =IF(I83>1, 1, 0) -> 1 | I83: =COUNTIF($A:$A, A83) -> 10 | J83: =IF(COUNTIF($A$2:A83,A83)=1,"New","Repeat") -> Repeat | K83: =IFERROR(__xludf.DUMMYFUNCTION("IF(I83=""4+"", COUNTUNIQUE(FILTER(A:A, I:I>=4)), COUNTUNIQUE(FILTER(A:A, I:I=I83)) )"),1) -> 1
A84: C042 | B84: 45896 | C84: =TEXT(B:B, "mm-yyyy") -> 08-2025 | D84: Electronics | E84: Laptop | F84: 61.18 | G84: Los Angeles | H84: =IF(I84>1, 1, 0) -> 1 | I84: =COUNTIF($A:$A, A84) -> 3 | J84: =IF(COUNTIF($A$2:A84,A84)=1,"New","Repeat") -> New | K84: =IFERROR(__xludf.DUMMYFUNCTION("IF(I84=""4+"", COUNTUNIQUE(FILTER(A:A, I:I>=4)), COUNTUNIQUE(FILTER(A:A, I:I=I84)) )"),42) -> 42
A85: C081 | B85: 45927 | C85: =TEXT(B:B, "mm-yyyy") -> 09-2025 | D85: Clothing | E85: Jacket | F85: 203.03 | G85: Boston | H85: =IF(I85>1, 1, 0) -> 1 | I85: =COUNTIF($A:$A, A85) -> 4 | J85: =IF(COUNTIF($A$2:A85,A85)=1,"New","Repeat") -> New | K85: =IFERROR(__xludf.DUMMYFUNCTION("IF(I85=""4+"", COUNTUNIQUE(FILTER(A:A, I:I>=4)), COUNTUNIQUE(FILTER(A:A, I:I=I85)) )"),32) -> 32
A86: C199 | B86: 45728 | C86: =TEXT(B:B, "mm-yyyy") -> 03-2025 | D86: Sports | E86: Tennis Racket | F86: 119.44 | G86: Chicago | H86: =IF(I86>1, 1, 0) -> 1 | I86: =COUNTIF($A:$A, A86) -> 7 | J86: =IF(COUNTIF($A$2:A86,A86)=1,"New","Repeat") -> Repeat | K86: =IFERROR(__xludf.DUMMYFUNCTION("IF(I86=""4+"", COUNTUNIQUE(FILTER(A:A, I:I>=4)), COUNTUNIQUE(FILTER(A:A, I:I=I86)) )"),4) -> 4
A87: C192 | B87: 45867 | C87: =TEXT(B:B, "mm-yyyy") -> 07-2025 | D87: Clothing | E87: Jacket | F87: 150.44 | G87: Houston | H87: =IF(I87>1, 1, 0) -> 1 | I87: =COUNTIF($A:$A, A87) -> 7 | J87: =IF(COUNTIF($A$2:A87,A87)=1,"New","Repeat") -> New | K87: =IFERROR(__xludf.DUMMYFUNCTION("IF(I87=""4+"", COUNTUNIQUE(FILTER(A:A, I:I>=4)), COUNTUNIQUE(FILTER(A:A, I:I=I87)) )"),4) -> 4
A88: C024 | B88: 45881 | C88: =TEXT(B:B, "mm-yyyy") -> 08-2025 | D88: Electronics | E88: Smartphone | F88: 494.26 | G88: Miami | H88: =IF(I88>1, 1, 0) -> 1 | I88: =COUNTIF($A:$A, A88) -> 3 | J88: =IF(COUNTIF($A$2:A88,A88)=1,"New","Repeat") -> New | K88: =IFERROR(__xludf.DUMMYFUNCTION("IF(I88=""4+"", COUNTUNIQUE(FILTER(A:A, I:I>=4)), COUNTUNIQUE(FILTER(A:A, I:I=I88)) )"),42) -> 42
A89: C192 | B89: 45991 | C89: =TEXT(B:B, "mm-yyyy") -> 11-2025 | D89: Home | E89: Toaster | F89: 217.16 | G89: Los Angeles | H89: =IF(I89>1, 1, 0) -> 1 | I89: =COUNTIF($A:$A, A89) -> 7 | J89: =IF(COUNTIF($A$2:A89,A89)=1,"New","Repeat") -> Repeat | K89: =IFERROR(__xludf.DUMMYFUNCTION("IF(I89=""4+"", COUNTUNIQUE(FILTER(A:A, I:I>=4)), COUNTUNIQUE(FILTER(A:A, I:I=I89)) )"),4) -> 4
A90: C092 | B90: 45952 | C90: =TEXT(B:B, "mm-yyyy") -> 10-2025 | D90: Clothing | E90: Jacket | F90: 468.53 | G90: Seattle | H90: =IF(I90>1, 1, 0) -> 1 | I90: =COUNTIF($A:$A, A90) -> 5 | J90: =IF(COUNTIF($A$2:A90,A90)=1,"New","Repeat") -> New | K90: =IFERROR(__xludf.DUMMYFUNCTION("IF(I90=""4+"", COUNTUNIQUE(FILTER(A:A, I:I>=4)), COUNTUNIQUE(FILTER(A:A, I:I=I90)) )"),34) -> 34
A91: C019 | B91: 45960 | C91: =TEXT(B:B, "mm-yyyy") -> 10-2025 | D91: Beauty | E91: Lotion | F91: 110.73 | G91: Miami | H91: =IF(I91>1, 1, 0) -> 1 | I91: =COUNTIF($A:$A, A91) -> 6 | J91: =IF(COUNTIF($A$2:A91,A91)=1,"New","Repeat") -> New | K91: =IFERROR(__xludf.DUMMYFUNCTION("IF(I91=""4+"", COUNTUNIQUE(FILTER(A:A, I:I>=4)), COUNTUNIQUE(FILTER(A:A, I:I=I91)) )"),19) -> 19
A92: C037 | B92: 45714 | C92: =TEXT(B:B, "mm-yyyy") -> 02-2025 | D92: Sports | E92: Sneakers | F92: 101.45 | G92: Houston | H92: =IF(I92>1, 1, 0) -> 1 | I92: =COUNTIF($A:$A, A92) -> 5 | J92: =IF(COUNTIF($A$2:A92,A92)=1,"New","Repeat") -> New | K92: =IFERROR(__xludf.DUMMYFUNCTION("IF(I92=""4+"", COUNTUNIQUE(FILTER(A:A, I:I>=4)), COUNTUNIQUE(FILTER(A:A, I:I=I92)) )"),34) -> 34
A93: C169 | B93: 45754 | C93: =TEXT(B:B, "mm-yyyy") -> 04-2025 | D93: Electronics | E93: Mouse | F93: 122.61 | G93: Seattle | H93: =IF(I93>1, 1, 0) -> 1 | I93: =COUNTIF($A:$A, A93) -> 5 | J93: =IF(COUNTIF($A$2:A93,A93)=1,"New","Repeat") -> New | K93: =IFERROR(__xludf.DUMMYFUNCTION("IF(I93=""4+"", COUNTUNIQUE(FILTER(A:A, I:I>=4)), COUNTUNIQUE(FILTER(A:A, I:I=I93)) )"),34) -> 34
A94: C194 | B94: 45731 | C94: =TEXT(B:B, "mm-yyyy") -> 03-2025 | D94: Sports | E94: Soccer Ball | F94: 198.81 | G94: Chicago | H94: =IF(I94>1, 1, 0) -> 1 | I94: =COUNTIF($A:$A, A94) -> 7 | J94: =IF(COUNTIF($A$2:A94,A94)=1,"New","Repeat") -> Repeat | K94: =IFERROR(__xludf.DUMMYFUNCTION("IF(I94=""4+"", COUNTUNIQUE(FILTER(A:A, I:I>=4)), COUNTUNIQUE(FILTER(A:A, I:I=I94)) )"),4) -> 4
A95: C078 | B95: 45843 | C95: =TEXT(B:B, "mm-yyyy") -> 07-2025 | D95: Sports | E95: Tennis Racket | F95: 350.08 | G95: Los Angeles | H95: =IF(I95>1, 1, 0) -> 1 | I95: =COUNTIF($A:$A, A95) -> 5 | J95: =IF(COUNTIF($A$2:A95,A95)=1,"New","Repeat") -> New | K95: =IFERROR(__xludf.DUMMYFUNCTION("IF(I95=""4+"", COUNTUNIQUE(FILTER(A:A, I:I>=4)), COUNTUNIQUE(FILTER(A:A, I:I=I95)) )"),34) -> 34
A96: C036 | B96: 45909 | C96: =TEXT(B:B, "mm-yyyy") -> 09-2025 | D96: Electronics | E96: Headphones | F96: 170.16 | G96: New York | H96: =IF(I96>1, 1, 0) -> 1 | I96: =COUNTIF($A:$A, A96) -> 4 | J96: =IF(COUNTIF($A$2:A96,A96)=1,"New","Repeat") -> New | K96: =IFERROR(__xludf.DUMMYFUNCTION("IF(I96=""4+"", COUNTUNIQUE(FILTER(A:A, I:I>=4)), COUNTUNIQUE(FILTER(A:A, I:I=I96)) )"),32) -> 32
A97: C163 | B97: 45733 | C97: =TEXT(B:B, "mm-yyyy") -> 03-2025 | D97: Beauty | E97: Lipstick | F97: 94.81 | G97: Houston | H97: =IF(I97>1, 1, 0) -> 0 | I97: =COUNTIF($A:$A, A97) -> 1 | J97: =IF(COUNTIF($A$2:A97,A97)=1,"New","Repeat") -> New | K97: =IFERROR(__xludf.DUMMYFUNCTION("IF(I97=""4+"", COUNTUNIQUE(FILTER(A:A, I:I>=4)), COUNTUNIQUE(FILTER(A:A, I:I=I97)) )"),24) -> 24
A98: C101 | B98: 45804 | C98: =TEXT(B:B, "mm-yyyy") -> 05-2025 | D98: Sports | E98: Yoga Mat | F98: 398.3 | G98: Boston | H98: =IF(I98>1, 1, 0) -> 1 | I98: =COUNTIF($A:$A, A98) -> 6 | J98: =IF(COUNTIF($A$2:A98,A98)=1,"New","Repeat") -> Repeat | K98: =IFERROR(__xludf.DUMMYFUNCTION("IF(I98=""4+"", COUNTUNIQUE(FILTER(A:A, I:I>=4)), COUNTUNIQUE(FILTER(A:A, I:I=I98)) )"),19) -> 19
A99: C084 | B99: 46003 | C99: =TEXT(B:B, "mm-yyyy") -> 12-2025 | D99: Beauty | E99: Perfume | F99: 468.62 | G99: Los Angeles | H99: =IF(I99>1, 1, 0) -> 1 | I99: =COUNTIF($A:$A, A99) -> 5 | J99: =IF(COUNTIF($A$2:A99,A99)=1,"New","Repeat") -> New | K99: =IFERROR(__xludf.DUMMYFUNCTION("IF(I99=""4+"", COUNTUNIQUE(FILTER(A:A, I:I>=4)), COUNTUNIQUE(FILTER(A:A, I:I=I99)) )"),34) -> 34
A100: C161 | B100: 45889 | C100: =TEXT(B:B, "mm-yyyy") -> 08-2025 | D100: Home | E100: Chair | F100: 27.69 | G100: New York | H100: =IF(I100>1, 1, 0) -> 1 | I100: =COUNTIF($A:$A, A100) -> 5 | J100: =IF(COUNTIF($A$2:A100,A100)=1,"New","Repeat") -> Repeat | K100: =IFERROR(__xludf.DUMMYFUNCTION("IF(I100=""4+"", COUNTUNIQUE(FILTER(A:A, I:I>=4)), COUNTUNIQUE(FILTER(A:A, I:I=I100)) )"),34) -> 34
...

Sheet Pivot Table 14
A1: Orders Count | B1: COUNTUNIQUE of Customer ID
B2: 0
A3: 1 | B3: 24
A4: 2 | B4: 37
A5: 3 | B5: 42
A6: 4 | B6: 32
A7: 5 | B7: 34
A8: 6 | B8: 19
A9: 7 | B9: 4
A10: 8 | B10: 1
A11: 9 | B11: 2
A12: 10 | B12: 1
A13: Grand Total | B13: 196

Sheet Pivot Table 12
A2: Month | B2: Revenue | C2: Order Count
A3: 01-2026 | B3: 17177.5 | C3: 64
A4: 02-2025 | B4: 3732.98 | C4: 16
A5: 02-2026 | B5: 8312.97 | C5: 39
A6: 03-2025 | B6: 12769.8 | C6: 50
A7: 04-2025 | B7: 12383.85 | C7: 51
A8: 05-2025 | B8: 13960.75 | C8: 57
A9: 06-2025 | B9: 15355.02 | C9: 64
A10: 07-2025 | B10: 9662.55 | C10: 37
A11: 08-2025 | B11: 20119.14 | C11: 77
A12: 09-2025 | B12: 14208.96 | C12: 55
A13: 10-2025 | B13: 18394.51 | C13: 72
A14: 11-2025 | B14: 15747.24 | C14: 60
A15: 12-2025 | B15: 14452.67 | C15: 58
A16: (blank)
A17: Grand Total | B17: 176277.94 | C17: 700

Sheet Pivot Table 11
A1: Sales | B1: Month
A2: Product Category | B2: 01-2026 | C2: 02-2025 | D2: 02-2026 | E2: 03-2025 | F2: 04-2025 | G2: 05-2025 | H2: 06-2025 | I2: 07-2025 | J2: 08-2025 | K2: 09-2025 | L2: 10-2025 | M2: 11-2025 | N2: 12-2025 | O2: (blank) | P2: Grand Total
A3: Beauty | B3: 3431.68 | C3: 383.65 | D3: 1953.33 | E3: 1168.4 | F3: 1987.34 | G3: 3111.1 | H3: 2934.15 | I3: 2015.88 | J3: 3838.54 | K3: 2840.14 | L3: 2778.28 | M3: 4300.9 | N3: 3030.45 | P3: 33773.84
A4: Clothing | B4: 2447.73 | C4: 509.19 | D4: 2079.96 | E4: 4303.47 | F4: 2149.46 | G4: 2497.9 | H4: 3179.13 | I4: 2279.43 | J4: 5068.02 | K4: 2478.16 | L4: 5646.22 | M4: 1799.69 | N4: 3273.57 | P4: 37711.93
A5: Electronics | B5: 3748.18 | C5: 1327.08 | D5: 395.12 | E5: 3165.29 | F5: 3420.26 | G5: 2049.7 | H5: 3859.69 | I5: 3917.65 | J5: 4069.69 | K5: 3710.16 | L5: 4160.97 | M5: 3822.11 | N5: 2187.1 | P5: 39833
A6: Home | B6: 3924.44 | C6: 692.48 | D6: 1849.62 | E6: 2067.31 | F6: 2316.86 | G6: 3089.92 | H6: 3040.11 | I6: 302.52 | J6: 2535.48 | K6: 2580.1 | L6: 2452.24 | M6: 2681.55 | N6: 2618.46 | P6: 30151.09
A7: Sports | B7: 3625.47 | C7: 820.58 | D7: 2034.94 | E7: 2065.33 | F7: 2509.93 | G7: 3212.13 | H7: 2341.94 | I7: 1147.07 | J7: 4607.41 | K7: 2600.4 | L7: 3356.8 | M7: 3142.99 | N7: 3343.09 | P7: 34808.08
A8: (blank)
A9: Grand Total | B9: 17177.5 | C9: 3732.98 | D9: 8312.97 | E9: 12769.8 | F9: 12383.85 | G9: 13960.75 | H9: 15355.02 | I9: 9662.55 | J9: 20119.14 | K9: 14208.96 | L9: 18394.51 | M9: 15747.24 | N9: 14452.67 | P9: 176277.94

Sheet Pivot Table 9
A1: Month | B1: SUM of Purchase Amount
A2: 01-2026 | B2: 17177.5
A3: 02-2025 | B3: 3732.98
A4: 02-2026 | B4: 8312.97
A5: 03-2025 | B5: 12769.8
A6: 04-2025 | B6: 12383.85
A7: 05-2025 | B7: 13960.75
A8: 06-2025 | B8: 15355.02
A9: 07-2025 | B9: 9662.55
A10: 08-2025 | B10: 20119.14
A11: 09-2025 | B11: 14208.96
A12: 10-2025 | B12: 18394.51
A13: 11-2025 | B13: 15747.24
A14: 12-2025 | B14: 14452.67
A15: (blank)
A16: Grand Total | B16: 176277.94

Sheet Total Revenue
A1: Product Category | B1: Total Revenue
A2: Beauty | B2: =SUMIF(ecommerce_data!D:D, A2, ecommerce_data!F:F) -> 33773.84 | D2: Product Category | E2: Total Revenue
A3: Clothing | B3: =SUMIF(ecommerce_data!D:D, A3, ecommerce_data!F:F) -> 37711.93 | D3: Beauty | E3: 33773.84
A4: Electronics | B4: =SUMIF(ecommerce_data!D:D, A4, ecommerce_data!F:F) -> 39833 | D4: Clothing | E4: 37711.93
A5: Sports | B5: =SUMIF(ecommerce_data!D:D, A5, ecommerce_data!F:F) -> 34808.08 | D5: Electronics | E5: 39833
A6: Home | B6: =SUMIF(ecommerce_data!D:D, A6, ecommerce_data!F:F) -> 30151.09 | D6: Home | E6: 30151.09
D7: Sports | E7: 34808.08
D8: Grand Total | E8: 176277.94

Sheet Top_Customers
A1: =IFERROR(__xludf.DUMMYFUNCTION("Query(ecommerce_data!A:F, ""select A, sum(F) where F is not null group by A order by sum(F) desc limit 5"", 1)"),"Customer ID") -> Customer ID | B1: =IFERROR(__xludf.DUMMYFUNCTION("""COMPUTED_VALUE"""),"sum Purchase Amount") -> sum Purchase Amount
A2: =IFERROR(__xludf.DUMMYFUNCTION("""COMPUTED_VALUE"""),"C183") -> C183 | B2: =IFERROR(__xludf.DUMMYFUNCTION("""COMPUTED_VALUE"""),2892.28) -> 2892.28
A3: =IFERROR(__xludf.DUMMYFUNCTION("""COMPUTED_VALUE"""),"C075") -> C075 | B3: =IFERROR(__xludf.DUMMYFUNCTION("""COMPUTED_VALUE"""),2652.27) -> 2652.27
A4: =IFERROR(__xludf.DUMMYFUNCTION("""COMPUTED_VALUE"""),"C199") -> C199 | B4: =IFERROR(__xludf.DUMMYFUNCTION("""COMPUTED_VALUE"""),2515.2) -> 2515.2
A5: =IFERROR(__xludf.DUMMYFUNCTION("""COMPUTED_VALUE"""),"C134") -> C134 | B5: =IFERROR(__xludf.DUMMYFUNCTION("""COMPUTED_VALUE"""),2011.91999999999) -> 2011.92
A6: =IFERROR(__xludf.DUMMYFUNCTION("""COMPUTED_VALUE"""),"C006") -> C006 | B6: =IFERROR(__xludf.DUMMYFUNCTION("""COMPUTED_VALUE"""),1982.29) -> 1982.29
A8: Customer ID | B8: SUM of sum Purchase Amount
A9: C006 | B9: 1982.29
A10: C075 | B10: 2652.27
A11: C134 | B11: 2011.92
A12: C183 | B12: 2892.28
A13: C199 | B13: 2515.2
A14: Grand Total | B14: 12053.96

Sheet Dashboard

Sheet Pivot Table 4
A1: Customer Type | B1: COUNTUNIQUE of Customer ID
B2: 0
A3: New | B3: 196
A4: Repeat | B4: 172
A5: Grand Total | B5: 196

Sheet Pivot Table 2
A1: Location
A2: Boston
A3: Chicago
A4: Houston
A5: Los Angeles
A6: Miami
A7: New York
A8: Seattle
A9: (blank)
A10: Grand Total
